Grandes_catégories,IndustryTypeName,Poids,Sector,Subindustry,Process,Industry_group_benchmark,ID_Industry_group_benchmark,Exiobase_industry_group,NACE_CLASS
Agriculture,Cultivation of paddy rice,0.5,Consumer Staples,Agricultural Products,Large-scale irrigated arable crops,Agriculture and Agri-Food,1,"Crop and animal production, hunting and related service activities",A
Agriculture,Cultivation of paddy rice,0.5,Consumer Staples,Agricultural Products,Small-scale irrigated arable crops,Agriculture and Agri-Food,1,"Crop and animal production, hunting and related service activities",A
Agriculture,Cultivation of wheat,0.5,Consumer Staples,Agricultural Products,Large-scale irrigated arable crops,Agriculture and Agri-Food,1,"Crop and animal production, hunting and related service activities",A
Agriculture,Cultivation of wheat,0.5,Consumer Staples,Agricultural Products,Small-scale irrigated arable crops,Agriculture and Agri-Food,1,"Crop and animal production, hunting and related service activities",A
Agriculture,Cultivation of cereal grains nec,0.5,Consumer Staples,Agricultural Products,Large-scale irrigated arable crops,Agriculture and Agri-Food,1,"Crop and animal production, hunting and related service activities",A
Agriculture,Cultivation of cereal grains nec,0.5,Consumer Staples,Agricultural Products,Small-scale irrigated arable crops,Agriculture and Agri-Food,1,"Crop and animal production, hunting and related service activities",A
Agriculture,"Cultivation of vegetables, fruit, nuts",0.5,Consumer Staples,Agricultural Products,Large-scale irrigated arable crops,Agriculture and Agri-Food,1,"Crop and animal production, hunting and related service activities",A
Agriculture,"Cultivation of vegetables, fruit, nuts",0.5,Consumer Staples,Agricultural Products,Small-scale irrigated arable crops,Agriculture and Agri-Food,1,"Crop and animal production, hunting and related service activities",A
Agriculture,Cultivation of oil seeds,0.5,Consumer Staples,Agricultural Products,Large-scale irrigated arable crops,Agriculture and Agri-Food,1,"Crop and animal production, hunting and related service activities",A
Agriculture,Cultivation of oil seeds,0.5,Consumer Staples,Agricultural Products,Small-scale irrigated arable crops,Agriculture and Agri-Food,1,"Crop and animal production, hunting and related service activities",A
Agriculture,"Cultivation of sugar cane, sugar beet",0.5,Consumer Staples,Agricultural Products,Large-scale irrigated arable crops,Agriculture and Agri-Food,1,"Crop and animal production, hunting and related service activities",A
Agriculture,"Cultivation of sugar cane, sugar beet",0.5,Consumer Staples,Agricultural Products,Small-scale irrigated arable crops,Agriculture and Agri-Food,1,"Crop and animal production, hunting and related service activities",A
Agriculture,Cultivation of plant-based fibers,0.5,Consumer Staples,Agricultural Products,Large-scale irrigated arable crops,Agriculture and Agri-Food,1,"Crop and animal production, hunting and related service activities",A
Agriculture,Cultivation of plant-based fibers,0.5,Consumer Staples,Agricultural Products,Small-scale irrigated arable crops,Agriculture and Agri-Food,1,"Crop and animal production, hunting and related service activities",A
Agriculture,Cultivation of crops nec,0.5,Consumer Staples,Agricultural Products,Large-scale irrigated arable crops,Agriculture and Agri-Food,1,"Crop and animal production, hunting and related service activities",A
Agriculture,Cultivation of crops nec,0.5,Consumer Staples,Agricultural Products,Small-scale irrigated arable crops,Agriculture and Agri-Food,1,"Crop and animal production, hunting and related service activities",A
Agriculture,Cattle farming,0.5,Consumer Staples,Agricultural Products,Large-scale livestock (beef and dairy),Agriculture and Agri-Food,1,"Crop and animal production, hunting and related service activities",A
Agriculture,Cattle farming,0.5,Consumer Staples,Agricultural Products,Small-scale livestock (beef and dairy),Agriculture and Agri-Food,1,"Crop and animal production, hunting and related service activities",A
Agriculture,Pigs farming,0.5,Consumer Staples,Agricultural Products,Large-scale livestock (beef and dairy),Agriculture and Agri-Food,1,"Crop and animal production, hunting and related service activities",A
Agriculture,Pigs farming,0.5,Consumer Staples,Agricultural Products,Small-scale livestock (beef and dairy),Agriculture and Agri-Food,1,"Crop and animal production, hunting and related service activities",A
Agriculture,Poultry farming,0.5,Consumer Staples,Agricultural Products,Large-scale livestock (beef and dairy),Agriculture and Agri-Food,1,"Crop and animal production, hunting and related service activities",A
Agriculture,Poultry farming,0.5,Consumer Staples,Agricultural Products,Small-scale livestock (beef and dairy),Agriculture and Agri-Food,1,"Crop and animal production, hunting and related service activities",A
Agriculture,Meat animals nec,0.5,Consumer Staples,Agricultural Products,Large-scale livestock (beef and dairy),Agriculture and Agri-Food,1,"Crop and animal production, hunting and related service activities",A
Agriculture,Meat animals nec,0.5,Consumer Staples,Agricultural Products,Small-scale livestock (beef and dairy),Agriculture and Agri-Food,1,"Crop and animal production, hunting and related service activities",A
Agriculture,Animal products nec,0.5,Consumer Staples,Agricultural Products,Large-scale livestock (beef and dairy),Agriculture and Agri-Food,1,"Crop and animal production, hunting and related service activities",A
Agriculture,Animal products nec,0.5,Consumer Staples,Agricultural Products,Small-scale livestock (beef and dairy),Agriculture and Agri-Food,1,"Crop and animal production, hunting and related service activities",A
Agriculture,Raw milk,0.5,Consumer Staples,Agricultural Products,Large-scale livestock (beef and dairy),Agriculture and Agri-Food,1,"Crop and animal production, hunting and related service activities",A
Agriculture,Raw milk,0.5,Consumer Staples,Agricultural Products,Small-scale livestock (beef and dairy),Agriculture and Agri-Food,1,"Crop and animal production, hunting and related service activities",A
Agriculture,"Wool, silk-worm cocoons",0.5,Consumer Staples,Agricultural Products,Large-scale livestock (beef and dairy),Agriculture and Agri-Food,1,"Crop and animal production, hunting and related service activities",A
Agriculture,"Wool, silk-worm cocoons",0.5,Consumer Staples,Agricultural Products,Small-scale livestock (beef and dairy),Agriculture and Agri-Food,1,"Crop and animal production, hunting and related service activities",A
Fishery and aquaculture,"Fishing, operating of fish hatcheries and fish farms; service activities incidental to fishing (05)",0.33,Consumer Staples,Agricultural Products,Saltwater wild-caught fish,Agriculture and Agri-Food,1,Fishing and aquaculture,A
Fishery and aquaculture,"Fishing, operating of fish hatcheries and fish farms; service activities incidental to fishing (05)",0.33,Consumer Staples,Agricultural Products,Freshwater wild-caught fish,Agriculture and Agri-Food,1,Fishing and aquaculture,A
Fishery and aquaculture,"Fishing, operating of fish hatcheries and fish farms; service activities incidental to fishing (05)",0.33,Consumer Staples,Agricultural Products,Aquaculture,Agriculture and Agri-Food,1,Fishing and aquaculture,A
"Food, beverages and tobacco",Processing of meat cattle,1,Consumer Staples,Packaged Foods & Meats,Processed food and drink production,Agriculture and Agri-Food,1,Manufacture of food products,A
"Food, beverages and tobacco",Processing of meat pigs,1,Consumer Staples,Packaged Foods & Meats,Processed food and drink production,Agriculture and Agri-Food,1,Manufacture of food products,A
"Food, beverages and tobacco",Processing of meat poultry,1,Consumer Staples,Packaged Foods & Meats,Processed food and drink production,Agriculture and Agri-Food,1,Manufacture of food products,A
"Food, beverages and tobacco",Production of meat products nec,1,Consumer Staples,Packaged Foods & Meats,Processed food and drink production,Agriculture and Agri-Food,1,Manufacture of food products,A
"Food, beverages and tobacco",Processing vegetable oils and fats,1,Consumer Staples,Packaged Foods & Meats,Processed food and drink production,Agriculture and Agri-Food,1,Manufacture of food products,A
"Food, beverages and tobacco",Processing of dairy products,1,Consumer Staples,Packaged Foods & Meats,Processed food and drink production,Agriculture and Agri-Food,1,Manufacture of food products,A
"Food, beverages and tobacco",Processed rice,1,Consumer Staples,Packaged Foods & Meats,Processed food and drink production,Agriculture and Agri-Food,1,Manufacture of food products,A
"Food, beverages and tobacco",Sugar refining,1,Consumer Staples,Packaged Foods & Meats,Processed food and drink production,Agriculture and Agri-Food,1,Manufacture of food products,A
"Food, beverages and tobacco",Processing of Food products nec,1,Consumer Staples,Packaged Foods & Meats,Processed food and drink production,Agriculture and Agri-Food,1,Manufacture of food products,A
"Food, beverages and tobacco",Manufacture of beverages,0.333333333,Consumer Staples,Soft Drinks,Processed food and drink production,Agriculture and Agri-Food,1,Manufacture of beverages,A
"Food, beverages and tobacco",Manufacture of beverages,0.333333333,Consumer Staples,Distillers & Vintners,Alcoholic fermentation and distilling,Agriculture and Agri-Food,1,Manufacture of beverages,A
"Food, beverages and tobacco",Manufacture of beverages,0.333333333,Consumer Staples,Brewers,Alcoholic fermentation and distilling,Agriculture and Agri-Food,1,Manufacture of beverages,A
"Food, beverages and tobacco",Manufacture of fish products,1,Consumer Staples,Packaged Foods & Meats,Processed food and drink production,Agriculture and Agri-Food,1,Manufacture of food products,A
Forestry,"Forestry, logging and related service activities (02)",0.33,Materials,Forest Products,Large-scale forestry,Raw materials extraction,2,Forestry and logging,A
Forestry,"Forestry, logging and related service activities (02)",0.33,Materials,Forest Products,Production of forest and wood-based products,Raw materials extraction,2,Forestry and logging,A
Forestry,"Forestry, logging and related service activities (02)",0.33,Materials,Forest Products,Small-scale forestry,Raw materials extraction,2,Forestry and logging,A
Oil and gas,"Extraction of crude petroleum and services related to crude oil extraction, excluding surveying",0.33,Energy,Oil & Gas Drilling,Oil and gas drilling,Raw materials extraction,2,Extraction of crude petroleum and natural gas,B
Oil and gas,"Extraction of crude petroleum and services related to crude oil extraction, excluding surveying",0.33,Energy,Integrated Oil & Gas,Integrated oil and gas,Raw materials extraction,2,Extraction of crude petroleum and natural gas,B
Oil and gas,"Extraction of crude petroleum and services related to crude oil extraction, excluding surveying",0.33,Energy,Oil & Gas Equipment & Services,Oil and gas services,Raw materials extraction,2,Extraction of crude petroleum and natural gas,C
Oil and gas,"Extraction of natural gas and services related to natural gas extraction, excluding surveying",0.33,Energy,Oil & Gas Drilling,Oil and gas drilling,Raw materials extraction,2,Extraction of crude petroleum and natural gas,B
Oil and gas,"Extraction of natural gas and services related to natural gas extraction, excluding surveying",0.33,Energy,Integrated Oil & Gas,Integrated oil and gas,Raw materials extraction,2,Extraction of crude petroleum and natural gas,B
Oil and gas,"Extraction of natural gas and services related to natural gas extraction, excluding surveying",0.33,Energy,Oil & Gas Equipment & Services,Oil and gas services,Raw materials extraction,2,Extraction of crude petroleum and natural gas,C
Oil and gas,"Extraction, liquefaction, and regasification of other petroleum and gaseous materials",0.5,Energy,Oil & Gas Drilling,Oil and gas drilling,Raw materials extraction,2,Extraction of crude petroleum and natural gas,B
Oil and gas,"Extraction, liquefaction, and regasification of other petroleum and gaseous materials",0.5,Energy,Integrated Oil & Gas,Integrated oil and gas,Raw materials extraction,2,Extraction of crude petroleum and natural gas,B
Mining and metals,Mining of coal and lignite; extraction of peat (10),1,Energy,Coal & Consumable Fuels,Mining,Raw materials extraction,2,Mining of coal and lignite,B
Mining and metals,Mining of iron ores,1,Materials,Iron,Iron extraction,Raw materials extraction,2,Mining of metal ores,B
Mining and metals,Mining of copper ores and concentrates,1,Materials,Copper,Mining,Raw materials extraction,2,Mining of metal ores,B
Mining and metals,Mining of nickel ores and concentrates,1,Materials,Diversified Metals & Mining,Mining,Raw materials extraction,2,Mining of metal ores,B
Mining and metals,Mining of aluminium ores and concentrates,1,Materials,Aluminium,Mining,Raw materials extraction,2,Mining of metal ores,C
Mining and metals,Mining of precious metal ores and concentrates,0.333333333,Materials,Gold,Mining,Raw materials extraction,2,Mining of metal ores,B
Mining and metals,Mining of precious metal ores and concentrates,0.333333333,Materials,Silver,Mining,Raw materials extraction,2,Mining of metal ores,B
Mining and metals,Mining of precious metal ores and concentrates,0.333333333,Materials,Precious Metals & Minerals,Mining,Raw materials extraction,2,Mining of metal ores,B
Mining and metals,"Mining of lead, zinc and tin ores and concentrates",1,Materials,Diversified Metals & Mining,Mining,Raw materials extraction,2,Mining of metal ores,B
Mining and metals,Mining of other non-ferrous metal ores and concentrates,1,Materials,Diversified Metals & Mining,Mining,Raw materials extraction,2,Mining of metal ores,B
Mining and metals,Quarrying of stone,1,Materials,Diversified Metals & Mining,Mining,Raw materials extraction,2,Other mining and quarrying,B
Mining and metals,Quarrying of sand and clay,1,Materials,Diversified Metals & Mining,Mining,Raw materials extraction,2,Other mining and quarrying,B
Mining and metals,"Mining of chemical and fertilizer minerals, production of salt, other mining and quarrying n.e.c.",1,Materials,Diversified Metals & Mining,Mining,Raw materials extraction,2,Other mining and quarrying,B
Construction,Construction (45),0.333333333,Industrials,Construction & Engineering,Infrastructure builds,Building sector,3,Construction,F
Construction,Construction (45),0.333333333,Industrials,Construction & Engineering,Infrastructure maintenance contracts,Building sector,3,Construction,F
Construction,Construction (45),0.333333333,Consumer Discretionary,Homebuilding,Construction,Building sector,3,Construction,F
Chemicals and materials industry,N-fertiliser,1,Materials,Fertilizers & Agricultural Chemicals,Synthetic fertilizer production,Chemicals industry,4,Manufacture of chemicals and chemical products,C
Chemicals and materials industry,P- and other fertiliser,1,Materials,Fertilizers & Agricultural Chemicals,Synthetic fertilizer production,Chemicals industry,4,Manufacture of chemicals and chemical products,C
Chemicals and materials industry,Chemicals nec,0.166666667,Materials,Specialty Chemicals,"Catalytic cracking, fractional distillation and crystallization",Chemicals industry,4,Manufacture of chemicals and chemical products,C
Chemicals and materials industry,Chemicals nec,0.166666667,Materials,Specialty Chemicals,Solids processing,Chemicals industry,4,Manufacture of chemicals and chemical products,C
Chemicals and materials industry,Chemicals nec,0.166666667,Materials,Diversified Chemicals,Incomplete combustion,Chemicals industry,4,Manufacture of chemicals and chemical products,C
Chemicals and materials industry,Chemicals nec,0.166666667,Materials,Diversified Chemicals,Polymerization,Chemicals industry,4,Manufacture of chemicals and chemical products,C
Chemicals and materials industry,Chemicals nec,0.166666667,Materials,Diversified Chemicals,Vulcanisation,Chemicals industry,4,Manufacture of chemicals and chemical products,C
Chemicals and materials industry,Chemicals nec,0.166666667,Materials,Commodity Chemicals,"Catalytic cracking, fractional distillation and crystallization",Chemicals industry,4,Manufacture of chemicals and chemical products,C
Electricity,Production of electricity by coal,0.5,Utilities,Electric Utilities,Nuclear and thermal power stations,Energy (production and supply of electricity),5,"Electricity, gas, steam and air conditioning supply",D
Electricity,Production of electricity by coal,0.5,Utilities,Independent Power Producers & Energy Traders,Nuclear and thermal power stations,Energy (production and supply of electricity),5,"Electricity, gas, steam and air conditioning supply",D
Electricity,Production of electricity by gas,0.5,Utilities,Electric Utilities,Nuclear and thermal power stations,Energy (production and supply of electricity),5,"Electricity, gas, steam and air conditioning supply",D
Electricity,Production of electricity by gas,0.5,Utilities,Independent Power Producers & Energy Traders,Nuclear and thermal power stations,Energy (production and supply of electricity),5,"Electricity, gas, steam and air conditioning supply",D
Electricity,Production of electricity by nuclear,0.5,Utilities,Electric Utilities,Nuclear and thermal power stations,Energy (production and supply of electricity),5,"Electricity, gas, steam and air conditioning supply",D
Electricity,Production of electricity by nuclear,0.5,Utilities,Independent Power Producers & Energy Traders,Nuclear and thermal power stations,Energy (production and supply of electricity),5,"Electricity, gas, steam and air conditioning supply",D
Electricity,Production of electricity by hydro,0.5,Utilities,Independent Power Producers & Energy Traders,Hydropower production,Energy (production and supply of electricity),5,"Electricity, gas, steam and air conditioning supply",D
Electricity,Production of electricity by hydro,0.5,Utilities,Renewable Electricity,Hydropower production,Energy (production and supply of electricity),5,"Electricity, gas, steam and air conditioning supply",D
Electricity,Production of electricity by wind,1,Utilities,Renewable Electricity,Wind energy provision,Energy (production and supply of electricity),5,"Electricity, gas, steam and air conditioning supply",D
Electricity,Production of electricity by petroleum and other oil derivatives,0.5,Utilities,Electric Utilities,Nuclear and thermal power stations,Energy (production and supply of electricity),5,"Electricity, gas, steam and air conditioning supply",D
Electricity,Production of electricity by petroleum and other oil derivatives,0.5,Utilities,Independent Power Producers & Energy Traders,Nuclear and thermal power stations,Energy (production and supply of electricity),5,"Electricity, gas, steam and air conditioning supply",D
Electricity,Production of electricity by biomass and waste,1,Utilities,Renewable Electricity,Biomass energy production,Energy (production and supply of electricity),5,"Electricity, gas, steam and air conditioning supply",D
Electricity,Production of electricity by solar photovoltaic,1,Utilities,Renewable Electricity,Solar energy provision,Energy (production and supply of electricity),5,"Electricity, gas, steam and air conditioning supply",D
Electricity,Production of electricity by solar thermal,1,Utilities,Renewable Electricity,Solar energy provision,Energy (production and supply of electricity),5,"Electricity, gas, steam and air conditioning supply",D
Electricity,"Production of electricity by tide, wave, ocean",1,Utilities,Water Utilities,"Water services (e.g. waste water, treatment and distribution)",Energy (production and supply of electricity),5,"Electricity, gas, steam and air conditioning supply",E
Electricity,Production of electricity by Geothermal,1,Utilities,Renewable Electricity,Geothermal energy production,Energy (production and supply of electricity),5,"Electricity, gas, steam and air conditioning supply",D
Electricity,Production of electricity nec,1,Utilities,Renewable Electricity,Geothermal energy production,Energy (production and supply of electricity),5,"Electricity, gas, steam and air conditioning supply",D
Electricity,Transmission of electricity,0.5,Utilities,Electric Utilities,Electric/nuclear power transmission and distribution,Energy (production and supply of electricity),5,"Electricity, gas, steam and air conditioning supply",D
Electricity,Transmission of electricity,0.5,Utilities,Independent Power Producers & Energy Traders,Electric/nuclear power transmission and distribution,Energy (production and supply of electricity),5,"Electricity, gas, steam and air conditioning supply",D
Electricity,Distribution and trade of electricity,0.5,Utilities,Electric Utilities,Infrastructure holdings,Energy (production and supply of electricity),5,"Electricity, gas, steam and air conditioning supply",D
Electricity,Distribution and trade of electricity,0.5,Utilities,Independent Power Producers & Energy Traders,Infrastructure holdings,Energy (production and supply of electricity),5,"Electricity, gas, steam and air conditioning supply",D
Oil and gas,Manufacture of gas; distribution of gaseous fuels through mains,0.125,Materials,Industrial Gases,"Catalytic cracking, fractional distillation and crystallization",Energy (production and supply of electricity),5,"Electricity, gas, steam and air conditioning supply",D
Oil and gas,Manufacture of gas; distribution of gaseous fuels through mains,0.125,Materials,Industrial Gases,Cryogenic air separation,Energy (production and supply of electricity),5,"Electricity, gas, steam and air conditioning supply",D
Oil and gas,Manufacture of gas; distribution of gaseous fuels through mains,0.125,Materials,Industrial Gases,Gas adsorption,Energy (production and supply of electricity),5,"Electricity, gas, steam and air conditioning supply",D
Oil and gas,Manufacture of gas; distribution of gaseous fuels through mains,0.125,Materials,Industrial Gases,Membrane technology,Energy (production and supply of electricity),5,"Electricity, gas, steam and air conditioning supply",D
Oil and gas,Manufacture of gas; distribution of gaseous fuels through mains,0.125,Materials,Industrial Gases,Natural gas combustion,Energy (production and supply of electricity),5,"Electricity, gas, steam and air conditioning supply",D
Oil and gas,Manufacture of gas; distribution of gaseous fuels through mains,0.125,Materials,Industrial Gases,Recovery and separation of carbon dioxide,Energy (production and supply of electricity),5,"Electricity, gas, steam and air conditioning supply",D
Oil and gas,Manufacture of gas; distribution of gaseous fuels through mains,0.125,Utilities,Gas Utilities,Gas distribution,Energy (production and supply of electricity),5,"Electricity, gas, steam and air conditioning supply",D
Oil and gas,Manufacture of gas; distribution of gaseous fuels through mains,0.125,Utilities,Gas Utilities,Gas retail,Energy (production and supply of electricity),5,"Electricity, gas, steam and air conditioning supply",D
Water utilities,Steam and hot water supply,1,Utilities,Water Utilities,"Water services (e.g. waste water, treatment and distribution)",Energy (production and supply of electricity),5,"Electricity, gas, steam and air conditioning supply",E
Electronics,Manufacture of electrical machinery and apparatus n.e.c. (31),0.333333333,Consumer Discretionary,Household Appliances,"Manufacture of machinery, parts and equipment",Electrical and electronic equipment,6,Manufacture of electrical equipment,C
Electronics,Manufacture of electrical machinery and apparatus n.e.c. (31),0.333333333,Industrials,Heavy Electrical Equipment,"Manufacture of machinery, parts and equipment",Electrical and electronic equipment,6,Manufacture of electrical equipment,C
Electronics,Manufacture of electrical machinery and apparatus n.e.c. (31),0.333333333,Information Technology,Semiconductor Equipment,Manufacture of semiconductor equipment,Electrical and electronic equipment,6,Manufacture of electrical equipment,C
"Food, beverages and tobacco",Manufacture of tobacco products (16),1,Consumer Staples,Tobacco,Tobacco production,Manufacturing industry,7,Manufacture of tobacco products,C
Chemicals and materials industry,Manufacture of textiles (17),0.5,Consumer Discretionary,Textiles,Natural fibre production,Manufacturing industry,7,Manufacture of textiles,C
Chemicals and materials industry,Manufacture of textiles (17),0.5,Consumer Discretionary,Textiles,Synthetic fibre production,Manufacturing industry,7,Manufacture of textiles,C
"Retail, consumer goods and lifestyle",Manufacture of wearing apparel; dressing and dyeing of fur (18),0.5,Consumer Discretionary,"Apparel, Accessories & Luxury Goods",Natural fibre production,Manufacturing industry,7,Manufacture of wearing apparel,C
"Retail, consumer goods and lifestyle",Manufacture of wearing apparel; dressing and dyeing of fur (18),0.5,Consumer Discretionary,"Apparel, Accessories & Luxury Goods",Synthetic fibre production,Manufacturing industry,7,Manufacture of wearing apparel,C
"Retail, consumer goods and lifestyle","Tanning and dressing of leather; manufacture of luggage, handbags, saddlery, harness and footwear (19)",1,Consumer Discretionary,Footwear,Footwear production,Manufacturing industry,7,Manufacture of leather and related products,C
Chemicals and materials industry,"Manufacture of wood and of products of wood and cork, except furniture; manufacture of articles of straw and plaiting materials (20)",1,Materials,Forest Products,Production of forest and wood-based products,Manufacturing industry,7,"Manufacture of wood and of products of wood and cork, except furniture; manufacture of articles of straw and plaiting materials",C
Chemicals and materials industry,Paper,0.5,Materials,Paper Packaging,Paper packaging production,Manufacturing industry,7,Manufacture of paper and paper products,C
Chemicals and materials industry,Paper,0.5,Materials,Paper Products,Production of paper products,Manufacturing industry,7,Manufacture of paper and paper products,C
Goods manufacturing,"Publishing, printing and reproduction of recorded media (22)",1,Consumer Discretionary,Publishing,Infrastructure holdings,Manufacturing industry,7,Printing and reproduction of recorded media,J
Chemicals and materials industry,Manufacture of coke oven products,1,Materials,Steel,Steel production,Manufacturing industry,7,Manufacture of coke and refined petroleum products,B
Oil and gas,Petroleum Refinery,1,Energy,Oil & Gas Refining & Marketing,Oil and gas refining,Manufacturing industry,7,Manufacture of coke and refined petroleum products,C
Chemicals and materials industry,Manufacture of rubber and plastic products (25),1,Consumer Discretionary,Tires & Rubber,Tyre and rubber production,Manufacturing industry,7,Manufacture of rubber and plastic products,C
Chemicals and materials industry,Manufacture of glass and glass products,1,Industrials,Building Products,Glass making,Manufacturing industry,7,Manufacture of other non-metallic mineral products,C
Chemicals and materials industry,"Manufacture of bricks, tiles and construction products, in baked clay",1,Materials,Construction Materials,Construction materials production,Manufacturing industry,7,Manufacture of other non-metallic mineral products,C
Chemicals and materials industry,"Manufacture of cement, lime and plaster",1,Materials,Construction Materials,Construction materials production,Manufacturing industry,7,Manufacture of other non-metallic mineral products,C
Chemicals and materials industry,Manufacture of other non-metallic mineral products n.e.c.,1,Materials,Construction Materials,Construction materials production,Manufacturing industry,7,Manufacture of other non-metallic mineral products,C
Mining and metals,Manufacture of basic iron and steel and of ferro-alloys and first products thereof,1,Materials,Iron,Iron metal production,Manufacturing industry,7,Manufacture of basic metals,B
Mining and metals,Precious metals production,1,Materials,Metal & Glass Containers,Metal processing,Manufacturing industry,7,Manufacture of basic metals,C
Mining and metals,Aluminium production,1,Materials,Aluminium,Alumina refining,Manufacturing industry,7,Manufacture of basic metals,C
Mining and metals,Other non-ferrous metal production,1,Materials,Metal & Glass Containers,Metal processing,Manufacturing industry,7,Manufacture of basic metals,C
Supply chain and transport,"Manufacture of fabricated metal products, except machinery and equipment (28)",1,Materials,Metal & Glass Containers,Metal processing,Manufacturing industry,7,"Manufacture of fabricated metal products, except machinery and equipment",C
Supply chain and transport,Manufacture of machinery and equipment n.e.c. (29),0.25,Industrials,Agricultural & Farm Machinery,"Manufacture of machinery, parts and equipment",Manufacturing industry,7,Manufacture of machinery and equipment n.e.c.,C
Supply chain and transport,Manufacture of machinery and equipment n.e.c. (29),0.25,Industrials,Construction Machinery & Heavy Trucks,"Manufacture of machinery, parts and equipment",Manufacturing industry,7,Manufacture of machinery and equipment n.e.c.,C
Supply chain and transport,Manufacture of machinery and equipment n.e.c. (29),0.25,Industrials,Industrial Machinery,"Manufacture of machinery, parts and equipment",Manufacturing industry,7,Manufacture of machinery and equipment n.e.c.,C
Supply chain and transport,Manufacture of machinery and equipment n.e.c. (29),0.25,Energy,Oil & Gas Equipment & Services,"Manufacture of machinery, parts and equipment",Manufacturing industry,7,Manufacture of machinery and equipment n.e.c.,C
Electronics,Manufacture of office machinery and computers (30),1,Information Technology,"Technology Hardware, Storage & Peripherals",Electronics and hardware production,Manufacturing industry,7,"Manufacture of computer, electronic and optical products",C
Electronics,"Manufacture of radio, television and communication equipment and apparatus (32)",1,Information Technology,"Technology Hardware, Storage & Peripherals",Electronics and hardware production,Manufacturing industry,7,Manufacture of electrical equipment,C
Supply chain and transport,"Manufacture of medical, precision and optical instruments, watches and clocks (33)",0.33333333,Health Care,Pharmaceuticals manufacturing,"Life science, pharma and biotech manufacture",Manufacturing industry,7,"Manufacture of computer, electronic and optical products",C
Supply chain and transport,"Manufacture of medical, precision and optical instruments, watches and clocks (33)",0.33333333,Health Care,Biotechnology manufacturing,"Life science, pharma and biotech manufacture",Manufacturing industry,7,"Manufacture of computer, electronic and optical products",C
Supply chain and transport,"Manufacture of medical, precision and optical instruments, watches and clocks (33)",0.33333333,Health Care,Life Sciences manufacturing,"Life science, pharma and biotech manufacture",Manufacturing industry,7,"Manufacture of computer, electronic and optical products",C
Automotive,"Manufacture of motor vehicles, trailers and semi-trailers (34)",0.2,Consumer Discretionary,Auto Parts & Equipment,"Manufacture of machinery, parts and equipment",Manufacturing industry,7,"Manufacture of motor vehicles, trailers and semi-trailers",C
Automotive,"Manufacture of motor vehicles, trailers and semi-trailers (34)",0.2,Consumer Discretionary,Automobile Manufacturers,"Manufacture of machinery, parts and equipment",Manufacturing industry,7,"Manufacture of motor vehicles, trailers and semi-trailers",C
Automotive,"Manufacture of motor vehicles, trailers and semi-trailers (34)",0.2,Consumer Discretionary,Motorcycle Manufacturers,"Manufacture of machinery, parts and equipment",Manufacturing industry,7,"Manufacture of motor vehicles, trailers and semi-trailers",C
Supply chain and transport,"Manufacture of motor vehicles, trailers and semi-trailers (34)",0.2,Industrials,Construction Machinery & Heavy Trucks,"Manufacture of machinery, parts and equipment",Manufacturing industry,7,"Manufacture of motor vehicles, trailers and semi-trailers",C
Supply chain and transport,"Manufacture of motor vehicles, trailers and semi-trailers (34)",0.2,Industrials,Trucking,"Manufacture of machinery, parts and equipment",Manufacturing industry,7,"Manufacture of motor vehicles, trailers and semi-trailers",H
Supply chain and transport,Manufacture of other transport equipment (35),0.5,Industrials,Highways & Rail tracks,Construction,Manufacturing industry,7,Manufacture of other transport equipment,H
Supply chain and transport,Manufacture of other transport equipment (35),0.5,Industrials,Aerospace & Defense,"Manufacture of machinery, parts and equipment",Manufacturing industry,7,Manufacture of other transport equipment,C
"Retail, consumer goods and lifestyle",Manufacture of furniture; manufacturing n.e.c. (36),1,Consumer Discretionary,Home Furnishings,"Manufacture of machinery, parts and equipment",Manufacturing industry,7,Manufacture of furniture,C
Automotive,Retail sale of automotive fuel,1,Consumer Discretionary,Automotive Retail,Infrastructure holdings,Distribution sector,8,Wholesale and retail trade and repair of motor vehicles and motorcycles,G
Supply chain and transport,"Wholesale trade and commission trade, except of motor vehicles and motorcycles (51)",0.2,Consumer Discretionary,Distributors,Distribution,Distribution sector,8,"Wholesale trade, except of motor vehicles and motorcycles",G
Supply chain and transport,"Wholesale trade and commission trade, except of motor vehicles and motorcycles (51)",0.2,Consumer Staples,Food Distributors,Distribution,Distribution sector,8,"Wholesale trade, except of motor vehicles and motorcycles",G
Supply chain and transport,"Wholesale trade and commission trade, except of motor vehicles and motorcycles (51)",0.2,Health Care,Health Care Distributors,Distribution,Distribution sector,8,"Wholesale trade, except of motor vehicles and motorcycles",G
Supply chain and transport,"Wholesale trade and commission trade, except of motor vehicles and motorcycles (51)",0.2,Industrials,Trading Companies & Distributors,Distribution,Distribution sector,8,"Wholesale trade, except of motor vehicles and motorcycles",G
Supply chain and transport,"Wholesale trade and commission trade, except of motor vehicles and motorcycles (51)",0.2,Information Technology,Technology Distributors,Distribution,Distribution sector,8,"Wholesale trade, except of motor vehicles and motorcycles",G
"Retail, consumer goods and lifestyle","Retail trade, except of motor vehicles and motorcycles; repair of personal and household goods (52)",0.090909091,Consumer Discretionary,Apparel Retail,Infrastructure holdings,Distribution sector,8,"Retail trade, except of motor vehicles and motorcycles",G
"Retail, consumer goods and lifestyle","Retail trade, except of motor vehicles and motorcycles; repair of personal and household goods (52)",0.090909091,Consumer Discretionary,Computer & Electronics Retail,Infrastructure holdings,Distribution sector,8,"Retail trade, except of motor vehicles and motorcycles",G
"Retail, consumer goods and lifestyle","Retail trade, except of motor vehicles and motorcycles; repair of personal and household goods (52)",0.090909091,Consumer Discretionary,Department Stores,Infrastructure holdings,Distribution sector,8,"Retail trade, except of motor vehicles and motorcycles",G
"Retail, consumer goods and lifestyle","Retail trade, except of motor vehicles and motorcycles; repair of personal and household goods (52)",0.090909091,Consumer Staples,Drug Retail,Infrastructure holdings,Distribution sector,8,"Retail trade, except of motor vehicles and motorcycles",G
"Retail, consumer goods and lifestyle","Retail trade, except of motor vehicles and motorcycles; repair of personal and household goods (52)",0.090909091,Consumer Staples,Food Retail,Infrastructure holdings,Distribution sector,8,"Retail trade, except of motor vehicles and motorcycles",G
"Retail, consumer goods and lifestyle","Retail trade, except of motor vehicles and motorcycles; repair of personal and household goods (52)",0.090909091,Consumer Discretionary,General Merchandise Stores,Infrastructure holdings,Distribution sector,8,"Retail trade, except of motor vehicles and motorcycles",G
"Retail, consumer goods and lifestyle","Retail trade, except of motor vehicles and motorcycles; repair of personal and household goods (52)",0.090909091,Consumer Discretionary,Home Improvement Retail,Infrastructure holdings,Distribution sector,8,"Retail trade, except of motor vehicles and motorcycles",G
"Retail, consumer goods and lifestyle","Retail trade, except of motor vehicles and motorcycles; repair of personal and household goods (52)",0.090909091,Consumer Discretionary,Home furnishing Retail,Infrastructure holdings,Distribution sector,8,"Retail trade, except of motor vehicles and motorcycles",G
"Retail, consumer goods and lifestyle","Retail trade, except of motor vehicles and motorcycles; repair of personal and household goods (52)",0.090909091,Consumer Staples,Hypermarkets & Super Centres,Infrastructure holdings,Distribution sector,8,"Retail trade, except of motor vehicles and motorcycles",G
"Retail, consumer goods and lifestyle","Retail trade, except of motor vehicles and motorcycles; repair of personal and household goods (52)",0.090909091,Consumer Discretionary,Internet & Direct Marketing Retail,Infrastructure holdings,Distribution sector,8,"Retail trade, except of motor vehicles and motorcycles",G
"Retail, consumer goods and lifestyle","Retail trade, except of motor vehicles and motorcycles; repair of personal and household goods (52)",0.090909091,Consumer Discretionary,Specialty Stores,Infrastructure holdings,Distribution sector,8,"Retail trade, except of motor vehicles and motorcycles",G
Waste management,Incineration of waste: Food,1,Industrials,Environmental & Facilities Services,Environmental and facilities services,Waste and waste management sector,9,"Waste collection, treatment and disposal activities; materials recovery",E
Waste management,Incineration of waste: Paper,1,Industrials,Environmental & Facilities Services,Environmental and facilities services,Waste and waste management sector,9,"Waste collection, treatment and disposal activities; materials recovery",E
Waste management,Incineration of waste: Plastic,1,Industrials,Environmental & Facilities Services,Environmental and facilities services,Waste and waste management sector,9,"Waste collection, treatment and disposal activities; materials recovery",E
Waste management,Incineration of waste: Metals and Inert materials,1,Industrials,Environmental & Facilities Services,Environmental and facilities services,Waste and waste management sector,9,"Waste collection, treatment and disposal activities; materials recovery",E
Waste management,Incineration of waste: Textiles,1,Industrials,Environmental & Facilities Services,Environmental and facilities services,Waste and waste management sector,9,"Waste collection, treatment and disposal activities; materials recovery",E
Waste management,Incineration of waste: Wood,1,Industrials,Environmental & Facilities Services,Environmental and facilities services,Waste and waste management sector,9,"Waste collection, treatment and disposal activities; materials recovery",E
Waste management,Incineration of waste: Oil/Hazardous waste,1,Industrials,Environmental & Facilities Services,Environmental and facilities services,Waste and waste management sector,9,"Waste collection, treatment and disposal activities; materials recovery",E
Waste management,"Biogasification of food waste, incl. land application",1,Industrials,Environmental & Facilities Services,Environmental and facilities services,Waste and waste management sector,9,"Waste collection, treatment and disposal activities; materials recovery",E
Waste management,"Biogasification of paper, incl. land application",1,Industrials,Environmental & Facilities Services,Environmental and facilities services,Waste and waste management sector,9,"Waste collection, treatment and disposal activities; materials recovery",E
Waste management,"Biogasification of sewage slugde, incl. land application",1,Industrials,Environmental & Facilities Services,Environmental and facilities services,Waste and waste management sector,9,"Waste collection, treatment and disposal activities; materials recovery",E
Waste management,"Composting of food waste, incl. land application",1,Industrials,Environmental & Facilities Services,Environmental and facilities services,Waste and waste management sector,9,"Waste collection, treatment and disposal activities; materials recovery",E
Waste management,"Composting of paper and wood, incl. land application",1,Industrials,Environmental & Facilities Services,Environmental and facilities services,Waste and waste management sector,9,"Waste collection, treatment and disposal activities; materials recovery",E
Water utilities,"Waste water treatment, food",1,Utilities,Water Utilities,"Water services (e.g. waste water, treatment and distribution)",Waste and waste management sector,9,"Water collection, treatment and supply",E
Water utilities,"Waste water treatment, other",1,Utilities,Water Utilities,"Water services (e.g. waste water, treatment and distribution)",Waste and waste management sector,9,"Water collection, treatment and supply",E
Waste management,Landfill of waste: Food,1,Industrials,Environmental & Facilities Services,Environmental and facilities services,Waste and waste management sector,9,"Waste collection, treatment and disposal activities; materials recovery",E
Waste management,Landfill of waste: Paper,1,Industrials,Environmental & Facilities Services,Environmental and facilities services,Waste and waste management sector,9,"Waste collection, treatment and disposal activities; materials recovery",E
Waste management,Landfill of waste: Plastic,1,Industrials,Environmental & Facilities Services,Environmental and facilities services,Waste and waste management sector,9,"Waste collection, treatment and disposal activities; materials recovery",E
Waste management,Landfill of waste: Inert/metal/hazardous,1,Industrials,Environmental & Facilities Services,Environmental and facilities services,Waste and waste management sector,9,"Waste collection, treatment and disposal activities; materials recovery",E
Waste management,Landfill of waste: Textiles,1,Industrials,Environmental & Facilities Services,Environmental and facilities services,Waste and waste management sector,9,"Waste collection, treatment and disposal activities; materials recovery",E
Waste management,Landfill of waste: Wood,1,Industrials,Environmental & Facilities Services,Environmental and facilities services,Waste and waste management sector,9,"Waste collection, treatment and disposal activities; materials recovery",E
Supply chain and transport,Transport via railways,1,Industrials,Railroads,Railway transportation,Transport,10,Land transport and transport via pipelines,H
Supply chain and transport,Other land transport,0.5,Industrials,Trucking,"Manufacture of machinery, parts and equipment",Transport,10,Land transport and transport via pipelines,H
Supply chain and transport,Other land transport,0.5,Industrials,Highways & Rail tracks,Construction,Transport,10,Land transport and transport via pipelines,H
Supply chain and transport,Transport via pipelines,1,Energy,Oil & Gas Storage & Transportation,Oil and gas transportation,Transport,10,Land transport and transport via pipelines,H
Supply chain and transport,Sea and coastal water transport,1,Industrials,Marine,Marine transportation,Transport,10,Water transport,H
Supply chain and transport,Inland water transport,1,Industrials,Marine,Marine transportation,Transport,10,Water transport,H
Supply chain and transport,Air transport (62),0.5,Industrials,Air Freight & Logistics,Distribution,Transport,10,Air transport,H
"Aviation, travel and tourism",Air transport (62),0.5,Industrials,Airlines,Airport services,Transport,10,Air transport,H
Financial services,"Financial intermediation, except insurance and pension funding (65)",0.1429,Financials,Asset Management & Custody Banks,Financial services,Financial services ,11,"Financial service activities, except insurance and pension funding",K
Financial services,"Financial intermediation, except insurance and pension funding (65)",0.1429,Financials,Consumer Finance,Financial services,Financial services ,11,"Financial service activities, except insurance and pension funding",K
Financial services,"Financial intermediation, except insurance and pension funding (65)",0.1429,Financials,Diversified Banks,Financial services,Financial services ,11,"Financial service activities, except insurance and pension funding",K
Financial services,"Financial intermediation, except insurance and pension funding (65)",0.1429,Financials,Diversified Capital Markets,Financial services,Financial services ,11,"Financial service activities, except insurance and pension funding",K
Financial services,"Financial intermediation, except insurance and pension funding (65)",0.1429,Financials,Investment Banking & Brokerage,Financial services,Financial services ,11,"Financial service activities, except insurance and pension funding",K
Financial services,"Financial intermediation, except insurance and pension funding (65)",0.1429,Financials,Regional Banks,Financial services,Financial services ,11,"Financial service activities, except insurance and pension funding",K
Financial services,"Financial intermediation, except insurance and pension funding (65)",0.1429,Financials,Thrifts & Mortgage Finance,Financial services,Financial services ,11,"Financial service activities, except insurance and pension funding",K
Insurance and asset management,"Insurance and pension funding, except compulsory social security (66)",0.2,Financials,Insurance Brokers,Financial services,Financial services ,11,"Insurance, reinsurance and pension funding, except compulsory social security",K
Insurance and asset management,"Insurance and pension funding, except compulsory social security (66)",0.2,Financials,Life & Health Insurance,Financial services,Financial services ,11,"Insurance, reinsurance and pension funding, except compulsory social security",K
Insurance and asset management,"Insurance and pension funding, except compulsory social security (66)",0.2,Financials,Multi-line Insurance,Financial services,Financial services ,11,"Insurance, reinsurance and pension funding, except compulsory social security",K
Insurance and asset management,"Insurance and pension funding, except compulsory social security (66)",0.2,Financials,Property & Casualty Insurance,Financial services,Financial services ,11,"Insurance, reinsurance and pension funding, except compulsory social security",K
Insurance and asset management,"Insurance and pension funding, except compulsory social security (66)",0.2,Financials,Reinsurance,Financial services,Financial services ,11,"Insurance, reinsurance and pension funding, except compulsory social security",K
Financial services,Activities auxiliary to financial intermediation (67),0.25,Financials,Specialized Finance,Financial services,Financial services ,11,Activities auxiliary to financial services and insurance activities,K
Financial services,Activities auxiliary to financial intermediation (67),0.25,Financials,Multi-Sector Holdings,Financial services,Financial services ,11,Activities auxiliary to financial services and insurance activities,K
Financial services,Activities auxiliary to financial intermediation (67),0.25,Financials,Financial Exchanges & Data,Financial services,Financial services ,11,Activities auxiliary to financial services and insurance activities,K
Financial services,Activities auxiliary to financial intermediation (67),0.25,Financials,Other Diversified Financial Services,Financial services,Financial services ,11,Activities auxiliary to financial services and insurance activities,K
Water utilities,"Collection, purification and distribution of water (41)",1,Utilities,Water Utilities,"Water services (e.g. waste water, treatment and distribution)",Non financial services and other activities,12,"Water collection, treatment and supply",E
Automotive,"Sale, maintenance, repair of motor vehicles, motor vehicles parts, motorcycles, motor cycles parts and accessoiries",1,Consumer Discretionary,Automotive Retail,Infrastructure holdings,Non financial services and other activities,12,Wholesale and retail trade and repair of motor vehicles and motorcycles,G
"Aviation, travel and tourism",Hotels and restaurants (55),0.5,Consumer Discretionary,"Hotels, Resorts & Cruise Lines",Hotels and resorts provision,Non financial services and other activities,12,Accommodation and food service activities,I
"Food, beverages and tobacco",Hotels and restaurants (55),0.5,Consumer Discretionary,Restaurants,Restaurant provision,Non financial services and other activities,12,Accommodation and food service activities,I
"Aviation, travel and tourism",Supporting and auxiliary transport activities; activities of travel agencies (63),0.333333333,Industrials,Airport Services,Airport services,Non financial services and other activities,12,"Travel agency, tour operator and other reservation service and related activities",H
"Aviation, travel and tourism",Supporting and auxiliary transport activities; activities of travel agencies (63),0.333333333,Industrials,Marine Ports & Services,Marine ports and services,Non financial services and other activities,12,"Travel agency, tour operator and other reservation service and related activities",H
"Aviation, travel and tourism",Supporting and auxiliary transport activities; activities of travel agencies (63),0.333333333,Consumer Discretionary,"Hotels, Resorts & Cruise Lines",Cruise line provision,Non financial services and other activities,12,"Travel agency, tour operator and other reservation service and related activities",I
Communication,Post and telecommunications (64),0.2,Telecommunication Services,Alternative Carriers,Cable and satellite installations on land,Non financial services and other activities,12,Post and telecommunications,J
Communication,Post and telecommunications (64),0.2,Telecommunication Services,Alternative Carriers,Fibre-optic cable installation (marine),Non financial services and other activities,12,Post and telecommunications,J
Communication,Post and telecommunications (64),0.2,Telecommunication Services,Integrated Telecommunication Services,Telecommunication and wireless services,Non financial services and other activities,12,Post and telecommunications,J
Communication,Post and telecommunications (64),0.2,Telecommunication Services,Wireless Telecommunication Services,Telecommunication and wireless services,Non financial services and other activities,12,Post and telecommunications,J
Communication,Post and telecommunications (64),0.2,Industrials,Air Freight & Logistics,Distribution,Non financial services and other activities,12,Post and telecommunications,H
Real Estate,Real estate activities (70),0.25,Real Estate,Diversified Real Estate Activities,Real estate activities,Non financial services and other activities,12,Real estate activities,L
Real Estate,Real estate activities (70),0.25,Real Estate,Real Estate Development,Real estate activities,Non financial services and other activities,12,Real estate activities,L
Real Estate,Real estate activities (70),0.25,Real Estate,Real Estate Operating Companies,Real estate activities,Non financial services and other activities,12,Real estate activities,L
Real Estate,Real estate activities (70),0.25,Real Estate,Real Estate Services,Real estate activities,Non financial services and other activities,12,Real estate activities,L
Services,Computer and related activities (72),0.333333333,Information Technology,IT Consulting & Other Services,Infrastructure holdings,Non financial services and other activities,12,Computer and related activities,M
Services,Computer and related activities (72),0.333333333,Information Technology,Office Services & Supplies,Infrastructure holdings,Non financial services and other activities,12,Computer and related activities,N
Services,Computer and related activities (72),0.333333333,Health Care,Health Care Technology,Infrastructure holdings,Non financial services and other activities,12,Computer and related activities,J
Services,Research and development (73),1,Industrials,Research & Consulting Services,Infrastructure holdings,Non financial services and other activities,12,Scientific research and development,M
Services,Other business activities (74),1,Consumer Discretionary,Advertising,Infrastructure holdings,Non financial services and other activities,12,Other business activities,M
Healthcare delivery,Public administration and defence; compulsory social security (75),1,Health Care,Managed Health Care,Managed health care,Non financial services and other activities,12,Public administration and defence; compulsory social security,O
Public services,Education (80),1,Consumer Discretionary,Education Services,Infrastructure holdings,Non financial services and other activities,12,Education,P
Healthcare delivery,Health and social work (85),0.333333333,Health Care,Health Care Facilities,Provision of health care,Non financial services and other activities,12,Human health and social work activities,Q
Healthcare delivery,Health and social work (85),0.333333333,Health Care,Health Care Services,Infrastructure holdings,Non financial services and other activities,12,Human health and social work activities,Q
Healthcare delivery,Health and social work (85),0.333333333,Health Care,Pharmaceuticals services,"Life science, pharma and biotech tools and services",Non financial services and other activities,12,Human health and social work activities,Q
"Retail, consumer goods and lifestyle","Recreational, cultural and sporting activities (92)",1,Consumer Discretionary,Casinos & Gaming,Leisure facility provision,Non financial services and other activities,12,"Arts, entertainment and recreation",R
"Retail, consumer goods and lifestyle",Other service activities (93),0.2,Health Care,Biotechnology services,"Life science, pharma and biotech tools and services",Non financial services and other activities,12,Other service activities,M
"Retail, consumer goods and lifestyle",Other service activities (93),0.2,Health Care,Life Sciences Tools services,"Life science, pharma and biotech tools and services",Non financial services and other activities,12,Other service activities,M
"Retail, consumer goods and lifestyle",Other service activities (93),0.2,Industrials,Diversified Support Services,Infrastructure holdings,Non financial services and other activities,12,Other service activities,N
"Retail, consumer goods and lifestyle",Other service activities (93),0.2,Industrials,Human Resource & Employment Services,Infrastructure holdings,Non financial services and other activities,12,Other service activities,N
"Retail, consumer goods and lifestyle",Other service activities (93),0.2,Industrials,Security & Alarm Services,Infrastructure holdings,Non financial services and other activities,12,Other service activities,N
Mining and metals,"Lead, zinc and tin production",1,Materials,Metal & Glass Containers,Metal processing,Processsing,13,Manufacture of basic metals,C
Mining and metals,Copper production,1,Materials,Metal & Glass Containers,Metal processing,Processsing,13,Manufacture of basic metals,C
Mining and metals,Casting of metals,1,Materials,Metal & Glass Containers,Metal processing,Processsing,13,Manufacture of basic metals,C
